Month,Hour,TotalSales,branch,cogs,total,gross income
February,11,10,C,735.6,772.38,36.78
February,16,10,A,431.9,453.495,21.595
March,19,10,A,713.8,749.49,35.69
March,17,10,C,826.3,867.615,41.315
January,15,10,A,723.5,759.675,36.175
March,12,10,A,158.1,166.005,7.905
March,16,10,A,158.7,166.635,7.935
January,10,10,A,787.7,827.085,39.385
January,12,10,C,894.8,939.54,44.74
February,16,10,C,621.2,652.26,31.06
January,17,10,C,416.5,437.325,20.825
March,16,10,C,783.1,822.255,39.155
January,19,10,C,448.6,471.03,22.43
March,10,10,B,878.7,922.635,43.935
January,14,10,A,886.7,931.035,44.335
March,14,10,C,819.7,860.685,40.985
February,20,10,A,109.6,115.08,5.48
February,12,10,B,519.1,545.055,25.955
January,13,10,C,898.0,942.9,44.9
January,13,10,C,905.0,950.25,45.25
February,19,10,C,686.0,720.3,34.3
February,12,10,A,301.4,316.47,15.07
February,15,10,B,399.0,418.95,19.95
January,13,10,C,955.8,1003.59,47.79
February,16,10,A,989.8,1039.29,49.49
March,10,10,A,155.0,162.75,7.75
February,14,10,B,259.0,271.95,12.95
March,17,10,C,285.3,299.565,14.265
March,18,10,A,519.4,545.37,25.97
March,19,10,C,351.9,369.495,17.595
February,11,10,A,222.4,233.52,11.12
January,20,10,B,746.0,783.3,37.3
January,13,10,A,355.4,373.17,17.77
January,17,10,C,218.2,229.11,10.91
March,16,10,C,709.9,745.395,35.495
March,19,10,A,440.2,462.21,22.01
January,17,10,B,403.0,423.15,20.15
March,11,10,B,181.1,190.155,9.055
February,20,10,C,781.3,820.365,39.065
February,11,10,B,135.0,141.75,6.75
February,14,10,C,993.0,1042.65,49.65
March,20,10,C,375.5,394.275,18.775
January,13,10,C,954.4,1002.12,47.72
January,14,10,C,143.6,150.78,7.18
February,16,10,A,323.2,339.36,16.16
January,14,10,B,379.5,398.475,18.975
March,12,10,A,522.6,548.73,26.13
January,13,10,B,342.1,359.205,17.105
February,13,10,C,972.1,1020.705,48.605
March,10,10,A,906.5,951.825,45.325
February,11,10,C,276.6,290.43,13.83
February,20,10,B,793.9,833.595,39.695
January,13,10,C,465.7,488.985,23.285
March,12,10,B,730.5,767.025,36.525
March,11,10,C,545.5,572.775,27.275
February,18,10,A,431.3,452.865,21.565
March,10,10,B,343.7,360.885,17.185
February,12,10,C,328.0,344.4,16.4
February,16,10,B,603.8,633.99,30.19
January,19,10,C,369.8,388.29,18.49
February,14,10,B,410.9,431.445,20.545
March,18,10,A,196.6,206.43,9.83
March,13,10,C,121.2,127.26,6.06
February,11,10,B,543.6,570.78,27.18
February,19,10,B,229.5,240.975,11.475
January,16,10,A,294.2,308.91,14.71
January,20,10,C,985.2,1034.46,49.26
February,15,10,C,892.0,936.6,44.6
January,13,10,A,812.1,852.705,40.605
February,16,10,C,493.3,517.965,24.665
January,11,10,B,266.7,280.035,13.335
March,11,10,C,596.1,625.905,29.805
March,20,10,C,775.6,814.38,38.78
February,11,10,A,674.5,708.225,33.725
January,11,10,B,832.5,874.125,41.625
March,14,10,B,825.8,867.09,41.29
January,14,10,A,641.9,673.995,32.095
January,15,10,B,664.7,697.935,33.235
February,16,10,C,247.4,259.77,12.37
February,17,10,A,727.8,764.19,36.39
February,14,10,C,871.0,914.55,43.55
January,19,10,A,560.4,588.42,28.02
March,10,10,A,454.8,477.54,22.74
February,14,10,C,589.5,618.975,29.475
January,17,10,A,635.6,667.38,31.78
March,12,10,A,486.3,510.615,24.315
January,16,10,C,975.0,1023.75,48.75
February,18,10,B,197.7,207.585,9.885
March,17,10,B,697.4,732.27,34.87
March,12,10,C,819.5,860.475,40.975
January,14,10,C,587.6,616.98,29.38
January,19,10,B,652.3,684.915,32.615
February,12,10,A,174.2,182.91,8.71
February,18,10,A,188.5,197.925,9.425
February,10,10,B,772.0,810.6,38.6
January,15,10,B,721.3,757.365,36.065
January,13,10,B,973.7,1022.385,48.685
February,15,10,A,244.9,257.145,12.245
January,10,10,C,621.8,652.89,31.09
February,18,10,A,402.6,422.73,20.13
March,18,10,C,649.5,681.975,32.475
January,14,10,A,742.2,779.31,37.11
January,15,10,C,558.7,586.635,27.935
February,11,10,B,527.9,554.295,26.395
January,11,10,B,214.3,225.015,10.715
January,14,10,B,332.1,348.705,16.605
February,15,10,B,319.9,335.895,15.995
March,13,10,A,734.7,771.435,36.735
March,19,10,A,769.2,807.66,38.46
February,18,10,C,846.1,888.405,42.305
January,10,10,B,490.1,514.605,24.505
February,11,10,A,744.4,781.62,37.22
January,19,10,A,456.8,479.64,22.84
January,12,10,C,158.0,165.9,7.9
January,11,10,B,846.3,888.615,42.315
March,19,10,C,823.4,864.57,41.17
January,18,10,B,766.0,804.3,38.3
February,18,10,B,174.9,183.645,8.745
March,17,10,B,973.8,1022.49,48.69
March,15,9,A,224.01,235.2105,11.2005
January,12,9,B,702.63,737.7615,35.1315
January,17,9,A,547.92,575.316,27.396
February,17,9,B,510.21,535.7205,25.5105
February,15,9,B,180.09,189.0945,9.0045
February,13,9,B,495.63,520.4115,24.7815
January,10,9,A,672.03,705.6315,33.6015
January,14,9,C,441.36,463.428,22.068
January,15,9,A,180.09,189.0945,9.0045
March,12,9,B,579.24,608.202,28.962
March,13,9,C,706.95,742.2975,35.3475
February,11,9,C,207.63,218.0115,10.3815
March,10,9,C,305.82,321.111,15.291
January,20,9,A,522.63,548.7615,26.1315
February,20,9,C,727.11,763.4655,36.3555
March,17,9,B,899.64,944.622,44.982
January,16,9,C,285.57,299.8485,14.2785
February,11,9,B,812.52,853.146,40.626
January,11,9,A,749.16,786.618,37.458
March,14,9,B,874.98,918.729,43.749
March,16,9,A,304.56,319.788,15.228
March,19,9,C,790.2,829.71,39.51
January,12,9,A,207.27,217.6335,10.3635
January,18,9,C,599.85,629.8425,29.9925
March,19,9,B,897.57,942.4485,44.8785
January,20,9,A,236.07,247.8735,11.8035
January,18,9,C,839.34,881.307,41.967
January,19,9,B,624.33,655.5465,31.2165
February,10,9,B,756.81,794.6505,37.8405
January,16,9,A,224.46,235.683,11.223
February,15,9,B,418.95,439.8975,20.9475
March,13,9,A,675.54,709.317,33.777
January,11,9,A,193.86,203.553,9.693
January,12,9,C,213.75,224.4375,10.6875
March,13,9,A,139.95,146.9475,6.9975
February,20,9,C,206.37,216.6885,10.3185
February,18,9,B,198.18,208.089,9.909
March,15,9,A,687.6,721.98,34.38
February,15,9,B,385.38,404.649,19.269
February,16,9,A,701.37,736.4385,35.0685
March,14,9,B,243.0,255.15,12.15
March,19,9,C,461.88,484.974,23.094
March,12,9,A,193.5,203.175,9.675
January,19,9,B,318.42,334.341,15.921
January,14,9,C,486.63,510.9615,24.3315
March,10,9,B,122.31,128.4255,6.1155
March,16,9,B,173.16,181.818,8.658
January,13,9,B,365.49,383.7645,18.2745
March,19,9,C,893.16,937.818,44.658
January,15,9,A,802.89,843.0345,40.1445
February,14,9,B,696.6,731.43,34.83
February,13,9,B,699.12,734.076,34.956
February,19,9,A,882.81,926.9505,44.1405
March,10,9,C,146.79,154.1295,7.3395
January,12,9,A,548.55,575.9775,27.4275
February,10,9,B,488.79,513.2295,24.4395
February,12,9,B,524.16,550.368,26.208
March,12,9,B,194.22,203.931,9.711
January,13,9,A,591.66,621.243,29.583
February,19,9,C,419.94,440.937,20.997
March,11,9,C,890.73,935.2665,44.5365
March,12,9,A,348.48,365.904,17.424
January,18,9,A,174.24,182.952,8.712
March,15,9,B,335.88,352.674,16.794
January,13,9,C,631.71,663.2955,31.5855
January,14,9,C,473.4,497.07,23.67
February,19,9,A,626.22,657.531,31.311
January,11,9,B,724.23,760.4415,36.2115
March,12,9,B,795.51,835.2855,39.7755
February,15,9,C,698.67,733.6035,34.9335
February,12,9,C,124.65,130.8825,6.2325
January,15,9,C,815.67,856.4535,40.7835
March,11,9,A,845.64,887.922,42.282
March,19,9,B,110.61,116.1405,5.5305
January,20,9,B,790.83,830.3715,39.5415
March,11,9,A,440.64,462.672,22.032
February,11,9,B,680.31,714.3255,34.0155
January,13,9,B,648.99,681.4395,32.4495
January,19,9,C,655.92,688.716,32.796
February,10,9,B,328.59,345.0195,16.4295
January,12,9,A,428.67,450.1035,21.4335
March,11,9,B,101.52,106.596,5.076
February,19,9,A,315.36,331.128,15.768
January,14,9,C,403.56,423.738,20.178
March,15,9,C,322.11,338.2155,16.1055
January,17,9,A,356.58,374.409,17.829
February,20,9,B,794.25,833.9625,39.7125
March,10,9,C,898.38,943.299,44.919
January,17,9,C,454.41,477.1305,22.7205
February,15,9,A,887.94,932.337,44.397
March,15,9,A,299.7,314.685,14.985
March,14,9,A,877.32,921.186,43.866
January,20,8,A,465.76,489.048,23.288
March,19,8,A,420.72,441.756,21.036
January,14,8,B,670.24,703.752,33.512
March,13,8,C,439.36,461.328,21.968
March,13,8,B,240.96,253.008,12.048
March,20,8,C,789.6,829.08,39.48
February,19,8,C,687.84,722.232,34.392
February,11,8,A,716.8,752.64,35.84
January,18,8,C,154.0,161.7,7.7
February,17,8,A,796.48,836.304,39.824
March,19,8,C,511.28,536.844,25.564
March,14,8,B,451.76,474.348,22.588
January,15,8,C,548.32,575.736,27.416
March,19,8,A,580.0,609.0,29.0
March,15,8,B,574.88,603.624,28.744
March,13,8,A,259.68,272.664,12.984
January,13,8,C,647.76,680.148,32.388
January,19,8,C,345.44,362.712,17.272
February,14,8,B,340.56,357.588,17.028
March,19,8,C,166.8,175.14,8.34
January,12,8,B,158.32,166.236,7.916
March,17,8,A,177.36,186.228,8.868
January,11,8,C,307.76,323.148,15.388
January,15,8,C,274.48,288.204,13.724
March,19,8,B,755.92,793.716,37.796
February,12,8,B,758.96,796.908,37.948
March,12,8,A,507.36,532.728,25.368
February,18,8,B,750.96,788.508,37.548
January,14,8,A,380.72,399.756,19.036
January,11,8,A,471.2,494.76,23.56
February,17,8,A,559.68,587.664,27.984
February,12,8,B,119.68,125.664,5.984
February,17,8,A,710.32,745.836,35.516
January,10,8,C,714.0,749.7,35.7
February,11,8,A,647.68,680.064,32.384
February,15,8,C,755.76,793.548,37.788
March,19,8,A,407.44,427.812,20.372
March,19,8,B,203.36,213.528,10.168
February,14,8,C,326.88,343.224,16.344
March,19,8,B,707.44,742.812,35.372
March,17,8,B,580.56,609.588,29.028
February,20,8,C,527.76,554.148,26.388
March,20,8,B,202.56,212.688,10.128
March,14,8,B,607.36,637.728,30.368
February,15,8,A,412.16,432.768,20.608
January,20,8,A,193.44,203.112,9.672
January,18,8,A,693.44,728.112,34.672
January,13,8,B,339.36,356.328,16.968
March,15,8,C,708.4,743.82,35.42
March,19,8,C,580.16,609.168,29.008
February,17,8,C,269.12,282.576,13.456
February,12,8,C,483.28,507.444,24.164
January,20,8,C,124.96,131.208,6.248
January,10,8,C,789.6,829.08,39.48
February,14,8,C,228.0,239.4,11.4
January,18,8,B,732.48,769.104,36.624
January,16,8,C,253.36,266.028,12.668
March,13,8,A,778.32,817.236,38.916
February,15,8,B,285.92,300.216,14.296
January,17,8,A,511.04,536.592,25.552
March,19,8,B,763.68,801.864,38.184
February,19,8,C,174.4,183.12,8.72
March,17,8,C,352.08,369.684,17.604
February,11,8,C,575.12,603.876,28.756
March,19,8,C,241.6,253.68,12.08
March,14,8,B,86.0,90.3,4.3
January,10,8,A,388.96,408.408,19.448
March,16,8,B,425.68,446.964,21.284
January,20,8,A,271.04,284.592,13.552
January,17,8,A,84.48,88.704,4.224
January,16,8,B,94.8,99.54,4.74
January,19,8,B,168.96,177.408,8.448
March,14,8,B,724.24,760.452,36.212
March,14,8,C,522.08,548.184,26.104
March,16,8,A,720.16,756.168,36.008
January,10,8,B,96.8,101.64,4.84
March,12,8,C,81.44,85.512,4.072
March,12,8,C,97.52,102.396,4.876
February,15,8,B,463.28,486.444,23.164
January,17,8,B,793.28,832.944,39.664
February,10,8,A,744.96,782.208,37.248
January,10,8,A,410.72,431.256,20.536
February,14,8,B,211.44,222.012,10.572
January,19,8,B,496.0,520.8,24.8
January,15,8,B,602.96,633.108,30.148
January,13,7,A,522.83,548.9715,26.1415
March,13,7,A,324.31,340.5255,16.2155
February,10,7,A,604.17,634.3785,30.2085
March,18,7,C,597.73,627.6165,29.8865
March,11,7,A,482.51,506.6355,24.1255
February,10,7,C,639.8,671.79,31.99
March,14,7,C,581.42,610.491,29.071
March,20,7,A,345.66,362.943,17.283
January,16,7,A,153.86,161.553,7.693
March,18,7,B,212.45,223.0725,10.6225
February,12,7,B,509.88,535.374,25.494
January,12,7,C,399.84,419.832,19.992
March,18,7,A,655.83,688.6215,32.7915
January,13,7,B,277.34,291.207,13.867
March,16,7,C,241.92,254.016,12.096
March,19,7,A,320.53,336.5565,16.0265
February,15,7,A,486.64,510.972,24.332
February,10,7,C,157.57,165.4485,7.8785
February,10,7,C,449.82,472.311,22.491
March,11,7,A,86.38,90.699,4.319
January,10,7,C,429.87,451.3635,21.4935
March,15,7,B,207.27,217.6335,10.3635
March,13,7,B,434.56,456.288,21.728
January,19,7,B,511.42,536.991,25.571
March,12,7,A,688.8,723.24,34.44
January,20,7,B,335.79,352.5795,16.7895
January,13,7,B,339.57,356.5485,16.9785
February,14,7,A,664.16,697.368,33.208
March,17,7,C,194.95,204.6975,9.7475
March,20,7,A,505.4,530.67,25.27
March,13,7,A,281.61,295.6905,14.0805
March,18,7,C,207.69,218.0745,10.3845
March,19,7,B,391.79,411.3795,19.5895
February,20,7,B,538.3,565.215,26.915
March,17,7,A,182.14,191.247,9.107
January,18,7,A,361.83,379.9215,18.0915
March,19,7,B,383.11,402.2655,19.1555
February,19,7,B,183.82,193.011,9.191
February,18,7,C,668.43,701.8515,33.4215
March,14,7,B,127.54,133.917,6.377
February,17,7,C,684.53,718.7565,34.2265
February,10,7,A,176.54,185.367,8.827
January,18,7,A,372.19,390.7995,18.6095
March,14,7,B,668.78,702.219,33.439
January,10,7,A,133.7,140.385,6.685
February,13,7,C,260.05,273.0525,13.0025
January,18,7,B,635.18,666.939,31.759
January,18,7,A,379.96,398.958,18.998
March,12,7,A,696.85,731.6925,34.8425
February,19,7,C,408.73,429.1665,20.4365
February,11,7,C,116.69,122.5245,5.8345
March,18,7,A,135.24,142.002,6.762
January,10,7,B,559.02,586.971,27.951
March,16,7,C,517.86,543.753,25.893
March,19,7,A,70.91,74.4555,3.5455
March,19,7,B,569.17,597.6285,28.4585
January,17,7,C,169.68,178.164,8.484
January,20,7,C,363.23,381.3915,18.1615
February,12,7,A,375.55,394.3275,18.7775
January,15,7,B,662.13,695.2365,33.1065
March,20,7,A,202.65,212.7825,10.1325
January,12,7,C,119.98,125.979,5.999
February,19,7,B,448.56,470.988,22.428
March,19,7,C,385.28,404.544,19.264
February,13,7,C,513.66,539.343,25.683
March,14,7,B,502.39,527.5095,25.1195
March,16,7,A,500.22,525.231,25.011
February,20,7,B,178.92,187.866,8.946
January,20,7,C,257.39,270.2595,12.8695
March,10,7,B,365.26,383.523,18.263
January,10,7,B,531.16,557.718,26.558
March,15,7,C,568.4,596.82,28.42
March,12,7,C,389.27,408.7335,19.4635
January,20,7,C,568.61,597.0405,28.4305
February,19,7,C,601.09,631.1445,30.0545
February,16,7,C,475.93,499.7265,23.7965
March,18,7,C,457.17,480.0285,22.8585
February,16,7,A,522.06,548.163,26.103
January,15,7,A,412.37,432.9885,20.6185
February,12,7,A,648.2,680.61,32.41
March,13,7,C,471.73,495.3165,23.5865
January,11,7,C,318.08,333.984,15.904
February,11,7,B,420.56,441.588,21.028
March,11,7,B,285.11,299.3655,14.2555
January,15,7,C,372.33,390.9465,18.6165
January,11,7,B,357.49,375.3645,17.8745
February,10,7,A,173.74,182.427,8.687
January,10,7,A,319.06,335.013,15.953
January,16,7,C,425.18,446.439,21.259
March,13,7,C,599.2,629.16,29.96
January,17,7,A,80.71,84.7455,4.0355
January,10,7,C,581.98,611.079,29.099
January,12,7,C,448.56,470.988,22.428
January,19,7,C,552.23,579.8415,27.6115
March,20,7,A,70.56,74.088,3.528
January,11,7,A,657.16,690.018,32.858
January,11,7,A,297.99,312.8895,14.8995
February,13,7,B,258.37,271.2885,12.9185
January,15,7,B,609.56,640.038,30.478
January,10,7,C,699.72,734.706,34.986
January,11,7,C,674.59,708.3195,33.7295
February,13,7,A,618.38,649.299,30.919
February,14,6,A,413.04,433.692,20.652
January,16,6,B,562.32,590.436,28.116
January,10,6,A,435.66,457.443,21.783
February,13,6,B,414.72,435.456,20.736
February,12,6,B,113.58,119.259,5.679
March,20,6,C,183.66,192.843,9.183
February,10,6,C,334.38,351.099,16.719
January,15,6,B,585.66,614.943,29.283
March,18,6,C,455.46,478.233,22.773
January,14,6,C,595.14,624.897,29.757
February,17,6,B,461.94,485.037,23.097
February,13,6,C,74.7,78.435,3.735
March,18,6,B,496.2,521.01,24.81
March,16,6,A,349.56,367.038,17.478
January,20,6,C,164.28,172.494,8.214
March,20,6,A,372.78,391.419,18.639
March,20,6,A,552.78,580.419,27.639
February,14,6,B,524.7,550.935,26.235
March,16,6,C,487.8,512.19,24.39
February,15,6,A,206.52,216.846,10.326
January,16,6,A,467.7,491.085,23.385
March,17,6,C,277.56,291.438,13.878
February,18,6,C,98.88,103.824,4.944
March,19,6,B,560.34,588.357,28.017
January,16,6,A,307.68,323.064,15.384
January,17,6,B,317.34,333.207,15.867
March,19,6,A,443.28,465.444,22.164
January,10,6,C,114.9,120.645,5.745
January,13,6,B,272.1,285.705,13.605
February,10,6,B,544.2,571.41,27.21
February,10,6,A,155.46,163.233,7.773
February,16,6,B,598.26,628.173,29.913
March,15,6,A,598.98,628.929,29.949
January,14,6,A,470.28,493.794,23.514
January,14,6,B,479.58,503.559,23.979
February,18,6,A,91.56,96.138,4.578
January,12,6,A,129.12,135.576,6.456
February,13,6,B,347.7,365.085,17.385
January,17,6,A,439.32,461.286,21.966
March,17,6,C,420.66,441.693,21.033
January,12,6,C,252.48,265.104,12.624
March,13,6,C,280.62,294.651,14.031
March,13,6,B,246.36,258.678,12.318
March,20,6,C,236.58,248.409,11.829
January,19,6,A,140.76,147.798,7.038
March,15,6,A,203.94,214.137,10.197
January,19,6,B,448.26,470.673,22.413
January,18,6,B,132.06,138.663,6.603
March,18,6,B,222.12,233.226,11.106
January,12,6,C,502.62,527.751,25.131
January,11,6,C,541.44,568.512,27.072
January,10,6,B,504.3,529.515,25.215
February,17,6,C,95.7,100.485,4.785
March,11,6,C,499.02,523.971,24.951
February,13,6,A,224.64,235.872,11.232
January,14,6,A,490.26,514.773,24.513
February,19,6,A,152.58,160.209,7.629
February,18,6,C,524.88,551.124,26.244
January,16,6,C,112.62,118.251,5.631
January,10,6,A,396.36,416.178,19.818
March,10,6,C,133.26,139.923,6.663
January,15,6,A,249.96,262.458,12.498
March,15,6,A,447.06,469.413,22.353
March,10,6,C,279.18,293.139,13.959
March,13,6,B,327.06,343.413,16.353
January,19,6,B,435.6,457.38,21.78
January,11,6,A,591.18,620.739,29.559
February,17,6,C,260.76,273.798,13.038
March,14,6,C,421.26,442.323,21.063
January,11,6,B,334.86,351.603,16.743
March,18,6,B,352.5,370.125,17.625
February,14,6,C,286.26,300.573,14.313
January,13,6,A,291.0,305.55,14.55
January,13,6,C,295.92,310.716,14.796
January,19,6,B,138.48,145.404,6.924
February,20,6,A,483.72,507.906,24.186
January,15,6,B,104.88,110.124,5.244
January,11,6,A,579.12,608.076,28.956
February,13,6,B,82.14,86.247,4.107
January,17,6,A,68.58,72.009,3.429
January,16,6,B,138.06,144.963,6.903
January,20,6,B,267.78,281.169,13.389
January,11,6,C,175.32,184.086,8.766
January,13,6,A,594.6,624.33,29.73
February,13,6,B,345.54,362.817,17.277
January,17,6,A,534.36,561.078,26.718
March,12,6,A,206.52,216.846,10.326
February,15,6,B,302.7,317.835,15.135
February,10,6,C,283.62,297.801,14.181
February,12,6,C,212.94,223.587,10.647
February,10,6,B,98.22,103.131,4.911
March,13,6,C,211.32,221.886,10.566
March,13,6,B,599.52,629.496,29.976
January,20,6,B,378.9,397.845,18.945
March,17,6,C,343.74,360.927,17.187
February,11,6,B,395.46,415.233,19.773
February,15,6,B,276.12,289.926,13.806
February,15,6,B,159.6,167.58,7.98
March,10,5,C,76.4,80.22,3.82
February,10,5,A,234.75,246.4875,11.7375
February,11,5,C,430.2,451.71,21.51
February,11,5,A,172.8,181.44,8.64
January,19,5,B,441.8,463.89,22.09
February,19,5,B,470.65,494.1825,23.5325
March,19,5,A,313.1,328.755,15.655
February,15,5,A,222.95,234.0975,11.1475
January,18,5,C,101.9,106.995,5.095
March,10,5,C,244.55,256.7775,12.2275
March,10,5,C,382.6,401.73,19.13
March,12,5,B,109.7,115.185,5.485
January,13,5,A,161.25,169.3125,8.0625
January,20,5,A,131.55,138.1275,6.5775
February,15,5,A,461.45,484.5225,23.0725
March,13,5,B,251.4,263.97,12.57
January,11,5,A,350.05,367.5525,17.5025
January,12,5,B,400.25,420.2625,20.0125
March,11,5,A,163.55,171.7275,8.1775
February,19,5,C,356.95,374.7975,17.8475
February,12,5,B,88.85,93.2925,4.4425
March,19,5,B,461.8,484.89,23.09
March,18,5,B,123.85,130.0425,6.1925
February,18,5,C,59.05,62.0025,2.9525
January,15,5,C,87.05,91.4025,4.3525
March,17,5,C,221.1,232.155,11.055
March,19,5,B,66.1,69.405,3.305
January,14,5,A,89.7,94.185,4.485
March,18,5,B,337.15,354.0075,16.8575
February,18,5,B,333.4,350.07,16.67
March,13,5,C,259.6,272.58,12.98
February,10,5,A,71.15,74.7075,3.5575
January,11,5,C,373.95,392.6475,18.6975
March,13,5,A,308.85,324.2925,15.4425
March,19,5,A,498.9,523.845,24.945
February,15,5,A,385.1,404.355,19.255
March,13,5,C,73.5,77.175,3.675
March,10,5,A,142.25,149.3625,7.1125
January,16,5,C,485.15,509.4075,24.2575
January,16,5,A,335.45,352.2225,16.7725
January,12,5,A,483.5,507.675,24.175
January,12,5,B,498.45,523.3725,24.9225
January,13,5,A,204.7,214.935,10.235
January,20,5,A,387.5,406.875,19.375
March,14,5,A,271.35,284.9175,13.5675
February,10,5,B,198.75,208.6875,9.9375
January,19,5,A,68.95,72.3975,3.4475
January,19,5,C,119.1,125.055,5.955
January,13,5,A,104.85,110.0925,5.2425
February,17,5,B,336.35,353.1675,16.8175
January,19,5,C,87.2,91.56,4.36
March,12,5,A,318.05,333.9525,15.9025
February,16,5,B,147.8,155.19,7.39
February,15,5,C,202.6,212.73,10.13
March,15,5,A,256.7,269.535,12.835
March,17,5,A,322.2,338.31,16.11
March,16,5,A,166.3,174.615,8.315
January,13,5,A,185.7,194.985,9.285
March,14,5,B,306.45,321.7725,15.3225
January,17,5,A,214.55,225.2775,10.7275
March,16,5,B,274.3,288.015,13.715
January,20,5,C,196.95,206.7975,9.8475
January,15,5,C,359.6,377.58,17.98
February,16,5,A,457.05,479.9025,22.8525
March,13,5,A,141.6,148.68,7.08
January,17,5,B,257.7,270.585,12.885
February,17,5,B,410.2,430.71,20.51
March,14,5,A,429.55,451.0275,21.4775
February,16,5,A,215.3,226.065,10.765
March,12,5,A,73.1,76.755,3.655
January,18,5,C,184.25,193.4625,9.2125
March,18,5,C,439.55,461.5275,21.9775
March,15,5,B,88.15,92.5575,4.4075
February,15,5,C,60.25,63.2625,3.0125
January,18,5,B,378.3,397.215,18.915
January,15,5,A,139.65,146.6325,6.9825
January,19,5,A,436.85,458.6925,21.8425
February,18,5,A,178.4,187.32,8.92
January,14,5,C,52.65,55.2825,2.6325
February,10,5,A,136.4,143.22,6.82
January,15,5,B,366.4,384.72,18.32
March,11,5,A,53.45,56.1225,2.6725
January,18,5,B,144.3,151.515,7.215
March,17,5,C,126.25,132.5625,6.3125
February,13,5,C,50.8,53.34,2.54
January,10,5,C,54.95,57.6975,2.7475
February,18,5,C,433.45,455.1225,21.6725
February,12,5,C,324.85,341.0925,16.2425
February,14,5,B,235.8,247.59,11.79
January,13,5,A,192.7,202.335,9.635
January,14,5,A,479.75,503.7375,23.9875
February,10,5,C,418.3,439.215,20.915
March,16,5,C,462.45,485.5725,23.1225
March,20,5,B,141.9,148.995,7.095
March,20,5,A,138.65,145.5825,6.9325
March,14,5,B,414.4,435.12,20.72
March,10,5,A,447.4,469.77,22.37
February,14,5,A,253.95,266.6475,12.6975
February,18,5,C,179.05,188.0025,8.9525
March,19,5,B,172.45,181.0725,8.6225
February,19,5,B,318.55,334.4775,15.9275
March,19,5,A,282.8,296.94,14.14
February,18,4,B,57.92,60.816,2.896
March,17,4,B,102.04,107.142,5.102
February,10,4,C,397.68,417.564,19.884
March,18,4,B,375.84,394.632,18.792
March,14,4,B,71.48,75.054,3.574
February,14,4,B,302.96,318.108,15.148
February,18,4,C,321.44,337.512,16.072
January,10,4,C,189.52,198.996,9.476
February,18,4,B,139.36,146.328,6.968
March,12,4,C,264.56,277.788,13.228
March,19,4,B,366.16,384.468,18.308
February,10,4,B,185.88,195.174,9.294
January,20,4,C,279.24,293.202,13.962
January,20,4,B,102.2,107.31,5.11
March,19,4,C,166.0,174.3,8.3
March,11,4,B,229.96,241.458,11.498
January,16,4,C,148.24,155.652,7.412
February,18,4,B,295.28,310.044,14.764
January,11,4,A,250.6,263.13,12.53
January,16,4,A,310.88,326.424,15.544
March,11,4,A,95.0,99.75,4.75
January,14,4,B,130.48,137.004,6.524
February,12,4,A,129.0,135.45,6.45
February,13,4,C,263.76,276.948,13.188
March,14,4,C,65.8,69.09,3.29
March,19,4,B,153.2,160.86,7.66
March,17,4,C,141.88,148.974,7.094
January,16,4,A,282.96,297.108,14.148
February,13,4,C,381.68,400.764,19.084
March,14,4,A,190.68,200.214,9.534
March,14,4,C,115.36,121.128,5.768
January,15,4,A,240.04,252.042,12.002
March,17,4,A,204.76,214.998,10.238
February,16,4,C,176.28,185.094,8.814
March,19,4,B,390.96,410.508,19.548
March,16,4,C,377.04,395.892,18.852
January,10,4,B,204.52,214.746,10.226
March,13,4,A,145.44,152.712,7.272
January,12,4,B,356.56,374.388,17.828
February,16,4,C,164.96,173.208,8.248
January,12,4,C,326.72,343.056,16.336
March,10,4,A,263.76,276.948,13.188
February,17,4,C,387.92,407.316,19.396
January,13,4,B,94.6,99.33,4.73
January,10,4,A,329.32,345.786,16.466
March,15,4,C,299.56,314.538,14.978
March,20,4,C,184.88,194.124,9.244
January,15,4,A,269.04,282.492,13.452
January,19,4,B,274.84,288.582,13.742
March,19,4,A,226.12,237.426,11.306
January,13,4,C,181.52,190.596,9.076
January,16,4,C,331.72,348.306,16.586
March,20,4,C,68.16,71.568,3.408
January,13,4,A,83.08,87.234,4.154
February,10,4,C,295.8,310.59,14.79
January,11,4,A,160.2,168.21,8.01
March,16,4,C,336.28,353.094,16.814
March,15,4,B,197.96,207.858,9.898
March,18,4,A,148.6,156.03,7.43
January,20,4,B,156.84,164.682,7.842
February,17,4,A,292.2,306.81,14.61
February,12,4,B,80.72,84.756,4.036
March,13,4,B,155.24,163.002,7.762
February,18,4,B,241.2,253.26,12.06
January,14,4,C,127.08,133.434,6.354
March,13,4,A,257.08,269.934,12.854
February,19,4,A,310.72,326.256,15.536
January,18,4,B,72.32,75.936,3.616
March,13,4,A,206.84,217.182,10.342
February,15,4,B,127.0,133.35,6.35
March,19,4,C,199.16,209.118,9.958
February,18,4,B,240.72,252.756,12.036
February,15,4,A,194.52,204.246,9.726
February,20,4,B,71.88,75.474,3.594
February,18,4,A,293.88,308.574,14.694
January,20,4,A,108.16,113.568,5.408
January,19,4,B,248.76,261.198,12.438
January,20,4,B,172.0,180.6,8.6
March,15,4,C,302.12,317.226,15.106
February,18,4,B,93.36,98.028,4.668
March,15,4,C,389.04,408.492,19.452
March,16,4,A,89.28,93.744,4.464
March,11,4,B,89.28,93.744,4.464
March,15,4,A,221.56,232.638,11.078
January,15,4,A,222.0,233.1,11.1
March,18,4,B,382.56,401.688,19.128
February,11,4,B,382.16,401.268,19.108
February,16,4,A,379.04,397.992,18.952
February,20,4,C,274.2,287.91,13.71
March,16,4,A,309.88,325.374,15.494
January,17,4,A,200.92,210.966,10.046
January,20,4,B,384.64,403.872,19.232
March,16,4,B,211.56,222.138,10.578
January,18,4,A,88.04,92.442,4.402
February,18,4,B,250.28,262.794,12.514
March,18,4,A,113.24,118.902,5.662
January,13,4,A,258.36,271.278,12.918
March,11,4,A,93.16,97.818,4.658
February,12,4,B,183.88,193.074,9.194
March,17,4,C,313.52,329.196,15.676
January,11,4,C,224.52,235.746,11.226
March,12,4,A,378.68,397.614,18.934
January,11,4,B,55.12,57.876,2.756
March,18,4,A,266.08,279.384,13.304
February,13,4,B,251.4,263.97,12.57
January,13,4,C,84.16,88.368,4.208
March,10,4,A,298.64,313.572,14.932
January,12,4,C,238.36,250.278,11.918
January,17,4,A,232.6,244.23,11.63
February,13,3,B,164.52,172.746,8.226
January,18,3,A,164.01,172.2105,8.2005
March,10,3,B,263.94,277.137,13.197
March,17,3,A,265.89,279.1845,13.2945
February,17,3,C,74.22,77.931,3.711
March,18,3,B,145.56,152.838,7.278
January,19,3,B,290.04,304.542,14.502
March,10,3,A,158.25,166.1625,7.9125
February,10,3,C,294.63,309.3615,14.7315
March,13,3,C,81.06,85.113,4.053
February,19,3,C,270.66,284.193,13.533
January,16,3,C,260.4,273.42,13.02
March,19,3,B,54.24,56.952,2.712
February,10,3,B,231.12,242.676,11.556
March,13,3,B,91.11,95.6655,4.5555
January,13,3,B,139.26,146.223,6.963
February,16,3,A,283.92,298.116,14.196
March,18,3,B,172.02,180.621,8.601
March,13,3,B,31.77,33.3585,1.5885
February,19,3,B,244.2,256.41,12.21
March,10,3,A,79.44,83.412,3.972
February,10,3,C,63.24,66.402,3.162
February,17,3,A,98.7,103.635,4.935
March,12,3,C,142.95,150.0975,7.1475
February,18,3,B,144.27,151.4835,7.2135
February,15,3,A,133.95,140.6475,6.6975
March,15,3,B,82.5,86.625,4.125
February,12,3,C,241.44,253.512,12.072
March,18,3,A,77.52,81.396,3.876
March,13,3,C,115.8,121.59,5.79
January,13,3,C,252.15,264.7575,12.6075
March,13,3,B,62.61,65.7405,3.1305
March,17,3,C,137.22,144.081,6.861
February,20,3,A,195.54,205.317,9.777
January,12,3,B,145.5,152.775,7.275
March,10,3,B,137.13,143.9865,6.8565
January,11,3,A,92.04,96.642,4.602
February,20,3,B,171.81,180.4005,8.5905
January,13,3,B,112.44,118.062,5.622
March,16,3,A,217.26,228.123,10.863
January,12,3,C,81.66,85.743,4.083
January,15,3,B,189.18,198.639,9.459
March,14,3,A,157.02,164.871,7.851
February,11,3,A,225.6,236.88,11.28
March,13,3,B,290.4,304.92,14.52
March,11,3,B,44.46,46.683,2.223
February,13,3,A,156.6,164.43,7.83
January,11,3,B,279.66,293.643,13.983
March,15,3,A,215.04,225.792,10.752
January,14,3,A,159.9,167.895,7.995
March,16,3,A,234.93,246.6765,11.7465
March,11,3,B,299.1,314.055,14.955
March,19,3,B,239.73,251.7165,11.9865
February,17,3,B,157.26,165.123,7.863
February,20,3,B,296.37,311.1885,14.8185
March,14,3,A,47.07,49.4235,2.3535
January,10,3,A,264.45,277.6725,13.2225
February,11,3,B,128.91,135.3555,6.4455
February,13,3,B,173.22,181.881,8.661
March,13,3,B,220.23,231.2415,11.0115
February,10,3,A,201.3,211.365,10.065
March,19,3,B,96.96,101.808,4.848
January,17,3,A,77.1,80.955,3.855
January,12,3,A,35.82,37.611,1.791
February,13,3,A,136.14,142.947,6.807
March,13,3,B,132.36,138.978,6.618
January,11,3,C,166.71,175.0455,8.3355
February,19,3,A,168.0,176.4,8.4
January,18,3,C,254.61,267.3405,12.7305
January,20,3,C,228.18,239.589,11.409
January,10,3,C,181.41,190.4805,9.0705
March,10,3,A,206.13,216.4365,10.3065
March,18,3,A,123.84,130.032,6.192
February,15,3,A,155.82,163.611,7.791
January,11,3,A,281.34,295.407,14.067
January,14,3,A,238.77,250.7085,11.9385
January,15,3,C,101.43,106.5015,5.0715
January,19,3,C,72.93,76.5765,3.6465
March,20,3,B,87.45,91.8225,4.3725
February,18,3,A,298.8,313.74,14.94
February,11,3,B,206.91,217.2555,10.3455
March,12,3,B,78.78,82.719,3.939
January,20,3,C,257.16,270.018,12.858
February,16,3,A,276.27,290.0835,13.8135
February,12,3,B,119.73,125.7165,5.9865
January,18,3,B,65.7,68.985,3.285
March,20,3,C,290.46,304.983,14.523
January,12,3,A,243.03,255.1815,12.1515
March,18,3,A,47.4,49.77,2.37
February,15,3,A,240.24,252.252,12.012
January,17,2,A,72.52,76.146,3.626
March,15,2,B,80.6,84.63,4.03
March,12,2,B,66.4,69.72,3.32
March,12,2,A,175.34,184.107,8.767
March,10,2,A,193.16,202.818,9.658
February,10,2,C,112.22,117.831,5.611
March,19,2,C,30.74,32.277,1.537
March,11,2,B,32.32,33.936,1.616
March,11,2,A,88.68,93.114,4.434
February,15,2,C,66.94,70.287,3.347
February,11,2,B,32.98,34.629,1.649
January,20,2,B,106.88,112.224,5.344
January,19,2,C,152.8,160.44,7.64
January,13,2,B,147.04,154.392,7.352
March,18,2,C,87.4,91.77,4.37
March,15,2,A,86.5,90.825,4.325
January,14,2,C,174.32,183.036,8.716
January,19,2,B,162.74,170.877,8.137
January,18,2,A,186.28,195.594,9.314
March,12,2,A,119.54,125.517,5.977
February,18,2,C,186.4,195.72,9.32
March,19,2,C,28.78,30.219,1.439
January,19,2,C,42.24,44.352,2.112
January,15,2,A,24.06,25.263,1.203
January,10,2,A,72.72,76.356,3.636
January,18,2,C,199.64,209.622,9.982
March,17,2,A,163.82,172.011,8.191
February,19,2,C,138.66,145.593,6.933
February,17,2,C,198.74,208.677,9.937
March,11,2,A,46.96,49.308,2.348
March,20,2,C,199.58,209.559,9.979
January,19,2,B,121.92,128.016,6.096
March,14,2,C,53.22,55.881,2.661
January,14,2,B,43.74,45.927,2.187
January,17,2,B,114.44,120.162,5.722
January,19,2,B,138.16,145.068,6.908
March,16,2,C,86.54,90.867,4.327
March,19,2,B,69.4,72.87,3.47
February,11,2,B,199.78,209.769,9.989
January,15,2,C,126.44,132.762,6.322
January,19,2,C,138.8,145.74,6.94
March,17,2,B,186.62,195.951,9.331
March,18,2,A,69.46,72.933,3.473
January,11,2,C,125.74,132.027,6.287
January,14,2,B,119.72,125.706,5.986
February,19,2,B,144.08,151.284,7.204
March,13,2,B,198.5,208.425,9.925
January,19,2,B,144.78,152.019,7.239
March,12,2,B,139.02,145.971,6.951
February,15,2,C,185.96,195.258,9.298
March,14,2,A,140.64,147.672,7.032
January,10,2,B,115.78,121.569,5.789
January,16,2,B,157.76,165.648,7.888
March,12,2,A,121.74,127.827,6.087
January,10,2,A,167.54,175.917,8.377
March,15,2,B,111.34,116.907,5.567
January,15,2,C,30.98,32.529,1.549
February,11,2,C,197.6,207.48,9.88
January,10,2,B,81.24,85.302,4.062
March,16,2,B,186.8,196.14,9.34
February,19,2,B,167.54,175.917,8.377
February,12,2,A,42.96,45.108,2.148
January,12,2,B,98.2,103.11,4.91
January,11,2,B,129.66,136.143,6.483
March,12,2,C,145.76,153.048,7.288
February,14,2,A,143.26,150.423,7.163
February,15,2,A,75.38,79.149,3.769
January,16,2,C,131.3,137.865,6.565
February,12,2,A,93.22,97.881,4.661
March,16,2,B,54.36,57.078,2.718
January,18,2,A,186.36,195.678,9.318
February,10,2,A,95.36,100.128,4.768
March,16,2,A,78.94,82.887,3.947
February,18,2,C,29.74,31.227,1.487
February,10,2,A,196.96,206.808,9.848
January,18,2,A,25.52,26.796,1.276
January,12,2,C,125.64,131.922,6.282
March,13,2,A,166.68,175.014,8.334
February,12,2,C,116.64,122.472,5.832
March,16,2,A,159.08,167.034,7.954
February,12,2,C,25.46,26.733,1.273
March,19,2,B,50.62,53.151,2.531
February,14,2,C,166.7,175.035,8.335
March,14,2,C,168.5,176.925,8.425
February,18,2,A,41.78,43.869,2.089
January,14,2,B,66.66,69.993,3.333
March,18,2,B,76.54,80.367,3.827
February,17,2,C,172.26,180.873,8.613
March,11,2,B,99.84,104.832,4.992
February,14,2,B,29.52,30.996,1.476
March,20,2,A,116.06,121.863,5.803
February,15,1,B,33.52,35.196,1.676
January,12,1,C,68.12,71.526,3.406
January,18,1,B,86.72,91.056,4.336
January,15,1,C,15.43,16.2015,0.7715
February,18,1,A,18.33,19.2465,0.9165
January,16,1,A,42.47,44.5935,2.1235
February,20,1,C,89.75,94.2375,4.4875
March,20,1,A,97.16,102.018,4.858
March,19,1,C,48.71,51.1455,2.4355
January,15,1,B,51.36,53.928,2.568
February,10,1,C,30.41,31.9305,1.5205
January,19,1,B,72.17,75.7785,3.6085
February,16,1,A,63.69,66.8745,3.1845
February,12,1,A,74.07,77.7735,3.7035
January,19,1,C,74.29,78.0045,3.7145
March,10,1,A,25.29,26.5545,1.2645
March,15,1,A,18.28,19.194,0.914
February,12,1,C,12.54,13.167,0.627
January,11,1,A,89.69,94.1745,4.4845
January,10,1,A,66.35,69.6675,3.3175
February,19,1,B,54.45,57.1725,2.7225
March,13,1,C,37.0,38.85,1.85
January,11,1,A,15.34,16.107,0.767
March,14,1,C,74.86,78.603,3.743
February,20,1,A,62.48,65.604,3.124
January,10,1,C,88.61,93.0405,4.4305
March,16,1,B,39.01,40.9605,1.9505
February,15,1,C,48.61,51.0405,2.4305
January,15,1,C,39.42,41.391,1.971
February,12,1,A,71.95,75.5475,3.5975
March,15,1,C,30.24,31.752,1.512
March,16,1,B,74.97,78.7185,3.7485
January,13,1,B,75.82,79.611,3.791
February,18,1,A,76.82,80.661,3.841
March,10,1,A,79.74,83.727,3.987
February,13,1,C,13.98,14.679,0.699
January,16,1,B,96.11,100.9155,4.8055
January,10,1,C,81.51,85.5855,4.0755
March,15,1,C,16.28,17.094,0.814
February,18,1,B,47.44,49.812,2.372
January,14,1,C,12.78,13.419,0.639
January,17,1,B,19.15,20.1075,0.9575
January,20,1,B,27.07,28.4235,1.3535
March,11,1,B,39.12,41.076,1.956
March,15,1,A,25.0,26.25,1.25
February,16,1,C,35.89,37.6845,1.7945
March,18,1,C,22.62,23.751,1.131
February,10,1,C,21.58,22.659,1.079
February,11,1,C,98.84,103.782,4.942
January,11,1,A,38.6,40.53,1.93
January,20,1,C,22.96,24.108,1.148
January,17,1,B,98.13,103.0365,4.9065
February,15,1,B,73.97,77.6685,3.6985
January,12,1,C,31.9,33.495,1.595
February,16,1,B,88.45,92.8725,4.4225
March,15,1,C,51.47,54.0435,2.5735
January,11,1,B,73.96,77.658,3.698
March,11,1,A,97.94,102.837,4.897
January,10,1,C,75.88,79.674,3.794
January,20,1,B,71.2,74.76,3.56
February,14,1,A,45.58,47.859,2.279
January,17,1,C,83.08,87.234,4.154
January,10,1,C,64.99,68.2395,3.2495
January,12,1,A,30.61,32.1405,1.5305
February,10,1,A,28.96,30.408,1.448
January,16,1,C,80.93,84.9765,4.0465
March,19,1,A,91.61,96.1905,4.5805
February,15,1,B,91.35,95.9175,4.5675
January,18,1,A,12.09,12.6945,0.6045
March,12,1,C,46.2,48.51,2.31
March,19,1,B,33.63,35.3115,1.6815
February,10,1,C,99.69,104.6745,4.9845
February,17,1,A,55.45,58.2225,2.7725
February,19,1,B,39.48,41.454,1.974
January,10,1,B,34.81,36.5505,1.7405
January,20,1,C,68.98,72.429,3.449
February,11,1,A,19.7,20.685,0.985
March,20,1,B,53.72,56.406,2.686
January,15,1,C,84.83,89.0715,4.2415
February,16,1,C,38.42,40.341,1.921
February,10,1,C,52.42,55.041,2.621
January,13,1,B,93.38,98.049,4.669
February,14,1,A,30.62,32.151,1.531
March,20,1,A,46.41,48.7305,2.3205
January,13,1,C,60.87,63.9135,3.0435
March,10,1,B,92.78,97.419,4.639
January,10,1,B,17.75,18.6375,0.8875
March,14,1,A,95.15,99.9075,4.7575
February,14,1,C,10.17,10.6785,0.5085
February,14,1,A,91.3,95.865,4.565
March,19,1,A,52.38,54.999,2.619
February,17,1,B,60.3,63.315,3.015
January,12,1,A,21.32,22.386,1.066
January,18,1,A,73.26,76.923,3.663
January,17,1,C,22.38,23.499,1.119
January,11,1,A,74.1,77.805,3.705
February,13,1,C,86.27,90.5835,4.3135
March,15,1,C,56.5,59.325,2.825
February,17,1,C,52.35,54.9675,2.6175
February,20,1,B,39.75,41.7375,1.9875
February,19,1,A,87.9,92.295,4.395
March,15,1,C,42.85,44.9925,2.1425
February,17,1,B,88.31,92.7255,4.4155
February,20,1,B,53.78,56.469,2.689
March,15,1,C,91.98,96.579,4.599
March,15,1,A,15.5,16.275,0.775
March,18,1,B,25.45,26.7225,1.2725
February,20,1,B,67.77,71.1585,3.3885
February,11,1,C,60.95,63.9975,3.0475
January,13,1,C,40.35,42.3675,2.0175
February,13,1,A,31.84,33.432,1.592
February,15,1,A,65.82,69.111,3.291
